<?xml version='1.0' encoding='utf-8' standalone='yes' ?>
<map>
    <set name="android-min-sdk/28 kotlin/2.1.21 fire-installations/18.0.0 fire-transport/18.2.0 device-name/96e26da1e3df6e2c device-brand/1a878fb2a56d1804 fire-android/33 android-installer/com.android.vending device-model/366a66a20af1e179 fire-core/21.0.0 fire-core-ktx/21.0.0 fire-fcm/24.1.1 android-platform/ android-target-sdk/27">
        <string>2025-09-28</string>
    </set>
    <long name="fire-count" value="1" />
    <string name="last-used-date">2025-09-28</string>
    <long name="fire-global" value="1759076890088" />
</map>
